segment_count,segment_index,observed,expected,deviation_pct,total_spins_config,chi_square,df,critical_05,uniform_pass
2,0,5048,5000.00,0.960,10000,0.9216,1,3.841,yes
2,1,4952,5000.00,-0.960,10000,0.9216,1,3.841,yes
3,0,3333,3333.33,-0.010,10000,0.0182,2,5.991,yes
3,1,3339,3333.33,0.170,10000,0.0182,2,5.991,yes
3,2,3328,3333.33,-0.160,10000,0.0182,2,5.991,yes
4,0,2487,2500.00,-0.520,10000,2.9368,3,7.815,yes
4,1,2531,2500.00,1.240,10000,2.9368,3,7.815,yes
4,2,2436,2500.00,-2.560,10000,2.9368,3,7.815,yes
4,3,2546,2500.00,1.840,10000,2.9368,3,7.815,yes
6,0,1673,1666.67,0.380,10000,13.7012,5,11.070,no
6,1,1716,1666.67,2.960,10000,13.7012,5,11.070,no
6,2,1646,1666.67,-1.240,10000,13.7012,5,11.070,no
6,3,1594,1666.67,-4.360,10000,13.7012,5,11.070,no
6,4,1602,1666.67,-3.880,10000,13.7012,5,11.070,no
6,5,1769,1666.67,6.140,10000,13.7012,5,11.070,no
8,0,1251,1250.00,0.080,10000,6.2176,7,14.067,yes
8,1,1241,1250.00,-0.720,10000,6.2176,7,14.067,yes
8,2,1237,1250.00,-1.040,10000,6.2176,7,14.067,yes
8,3,1300,1250.00,4.000,10000,6.2176,7,14.067,yes
8,4,1262,1250.00,0.960,10000,6.2176,7,14.067,yes
8,5,1223,1250.00,-2.160,10000,6.2176,7,14.067,yes
8,6,1198,1250.00,-4.160,10000,6.2176,7,14.067,yes
8,7,1288,1250.00,3.040,10000,6.2176,7,14.067,yes
10,0,1056,1000.00,5.600,10000,10.6680,9,16.919,yes
10,1,979,1000.00,-2.100,10000,10.6680,9,16.919,yes
10,2,976,1000.00,-2.400,10000,10.6680,9,16.919,yes
10,3,1010,1000.00,1.000,10000,10.6680,9,16.919,yes
10,4,977,1000.00,-2.300,10000,10.6680,9,16.919,yes
10,5,1056,1000.00,5.600,10000,10.6680,9,16.919,yes
10,6,948,1000.00,-5.200,10000,10.6680,9,16.919,yes
10,7,1003,1000.00,0.300,10000,10.6680,9,16.919,yes
10,8,1001,1000.00,0.100,10000,10.6680,9,16.919,yes
10,9,994,1000.00,-0.600,10000,10.6680,9,16.919,yes
12,0,821,833.33,-1.480,10000,9.5168,11,19.675,yes
12,1,871,833.33,4.520,10000,9.5168,11,19.675,yes
12,2,849,833.33,1.880,10000,9.5168,11,19.675,yes
12,3,884,833.33,6.080,10000,9.5168,11,19.675,yes
12,4,812,833.33,-2.560,10000,9.5168,11,19.675,yes
12,5,808,833.33,-3.040,10000,9.5168,11,19.675,yes
12,6,795,833.33,-4.600,10000,9.5168,11,19.675,yes
12,7,843,833.33,1.160,10000,9.5168,11,19.675,yes
12,8,817,833.33,-1.960,10000,9.5168,11,19.675,yes
12,9,813,833.33,-2.440,10000,9.5168,11,19.675,yes
12,10,843,833.33,1.160,10000,9.5168,11,19.675,yes
12,11,844,833.33,1.280,10000,9.5168,11,19.675,yes
16,0,598,625.00,-4.320,10000,8.4192,15,25.000,yes
16,1,652,625.00,4.320,10000,8.4192,15,25.000,yes
16,2,616,625.00,-1.440,10000,8.4192,15,25.000,yes
16,3,607,625.00,-2.880,10000,8.4192,15,25.000,yes
16,4,618,625.00,-1.120,10000,8.4192,15,25.000,yes
16,5,633,625.00,1.280,10000,8.4192,15,25.000,yes
16,6,618,625.00,-1.120,10000,8.4192,15,25.000,yes
16,7,650,625.00,4.000,10000,8.4192,15,25.000,yes
16,8,620,625.00,-0.800,10000,8.4192,15,25.000,yes
16,9,634,625.00,1.440,10000,8.4192,15,25.000,yes
16,10,633,625.00,1.280,10000,8.4192,15,25.000,yes
16,11,647,625.00,3.520,10000,8.4192,15,25.000,yes
16,12,600,625.00,-4.000,10000,8.4192,15,25.000,yes
16,13,595,625.00,-4.800,10000,8.4192,15,25.000,yes
16,14,637,625.00,1.920,10000,8.4192,15,25.000,yes
16,15,642,625.00,2.720,10000,8.4192,15,25.000,yes
20,0,523,500.00,4.600,10000,21.1160,19,30.144,yes
20,1,534,500.00,6.800,10000,21.1160,19,30.144,yes
20,2,513,500.00,2.600,10000,21.1160,19,30.144,yes
20,3,519,500.00,3.800,10000,21.1160,19,30.144,yes
20,4,505,500.00,1.000,10000,21.1160,19,30.144,yes
20,5,513,500.00,2.600,10000,21.1160,19,30.144,yes
20,6,485,500.00,-3.000,10000,21.1160,19,30.144,yes
20,7,513,500.00,2.600,10000,21.1160,19,30.144,yes
20,8,507,500.00,1.400,10000,21.1160,19,30.144,yes
20,9,498,500.00,-0.400,10000,21.1160,19,30.144,yes
20,10,436,500.00,-12.800,10000,21.1160,19,30.144,yes
20,11,489,500.00,-2.200,10000,21.1160,19,30.144,yes
20,12,531,500.00,6.200,10000,21.1160,19,30.144,yes
20,13,504,500.00,0.800,10000,21.1160,19,30.144,yes
20,14,514,500.00,2.800,10000,21.1160,19,30.144,yes
20,15,483,500.00,-3.400,10000,21.1160,19,30.144,yes
20,16,459,500.00,-8.200,10000,21.1160,19,30.144,yes
20,17,483,500.00,-3.400,10000,21.1160,19,30.144,yes
20,18,493,500.00,-1.400,10000,21.1160,19,30.144,yes
20,19,498,500.00,-0.400,10000,21.1160,19,30.144,yes
36,0,286,277.78,2.960,10000,41.9624,35,49.998,yes
36,1,254,277.78,-8.560,10000,41.9624,35,49.998,yes
36,2,272,277.78,-2.080,10000,41.9624,35,49.998,yes
36,3,276,277.78,-0.640,10000,41.9624,35,49.998,yes
36,4,310,277.78,11.600,10000,41.9624,35,49.998,yes
36,5,270,277.78,-2.800,10000,41.9624,35,49.998,yes
36,6,269,277.78,-3.160,10000,41.9624,35,49.998,yes
36,7,275,277.78,-1.000,10000,41.9624,35,49.998,yes
36,8,262,277.78,-5.680,10000,41.9624,35,49.998,yes
36,9,246,277.78,-11.440,10000,41.9624,35,49.998,yes
36,10,275,277.78,-1.000,10000,41.9624,35,49.998,yes
36,11,309,277.78,11.240,10000,41.9624,35,49.998,yes
36,12,295,277.78,6.200,10000,41.9624,35,49.998,yes
36,13,256,277.78,-7.840,10000,41.9624,35,49.998,yes
36,14,274,277.78,-1.360,10000,41.9624,35,49.998,yes
36,15,313,277.78,12.680,10000,41.9624,35,49.998,yes
36,16,249,277.78,-10.360,10000,41.9624,35,49.998,yes
36,17,280,277.78,0.800,10000,41.9624,35,49.998,yes
36,18,262,277.78,-5.680,10000,41.9624,35,49.998,yes
36,19,279,277.78,0.440,10000,41.9624,35,49.998,yes
36,20,278,277.78,0.080,10000,41.9624,35,49.998,yes
36,21,285,277.78,2.600,10000,41.9624,35,49.998,yes
36,22,274,277.78,-1.360,10000,41.9624,35,49.998,yes
36,23,297,277.78,6.920,10000,41.9624,35,49.998,yes
36,24,293,277.78,5.480,10000,41.9624,35,49.998,yes
36,25,283,277.78,1.880,10000,41.9624,35,49.998,yes
36,26,264,277.78,-4.960,10000,41.9624,35,49.998,yes
36,27,272,277.78,-2.080,10000,41.9624,35,49.998,yes
36,28,265,277.78,-4.600,10000,41.9624,35,49.998,yes
36,29,267,277.78,-3.880,10000,41.9624,35,49.998,yes
36,30,282,277.78,1.520,10000,41.9624,35,49.998,yes
36,31,281,277.78,1.160,10000,41.9624,35,49.998,yes
36,32,245,277.78,-11.800,10000,41.9624,35,49.998,yes
36,33,311,277.78,11.960,10000,41.9624,35,49.998,yes
36,34,281,277.78,1.160,10000,41.9624,35,49.998,yes
36,35,310,277.78,11.600,10000,41.9624,35,49.998,yes
